{
  "project_info": {
    "project_number": "830953039922",
    "firebase_url": "https://examplekotlin-27898-default-rtdb.asia-southeast1.firebasedatabase.app",
    "project_id": "examplekotlin-27898",
    "storage_bucket": "examplekotlin-27898.firebasestorage.app"
  },
  "client": [
    {
      "client_info": {
        "mobilesdk_app_id": "1:830953039922:android:75b94b2d749ad7fa2b342b",
        "android_client_info": {
          "package_name": "own.project.firebase"
        }
      },
      "oauth_client": [],
      "api_key": [
        {
          "current_key": "AIzaSyD7La8n2vlitbCDFkYvf2KOs8ZfNfDwZ8A"
        }
      ],
      "services": {
        "appinvite_service": {
          "other_platform_oauth_client": []
        }
      }
    }
  ],
  "configuration_version": "1"
}